customerID,gender,SeniorCitizen,Partner,Dependents,tenure,PhoneService,MultipleLines,InternetService,OnlineSecurity,OnlineBackup,DeviceProtection,TechSupport,StreamingTV,StreamingMovies,Contract,PaperlessBilling,PaymentMethod,MonthlyCharges,TotalCharges,Churn,churn_probability,churn_risk,predicted_ltv,customer_segment
7892-POOKP,Female,0,Yes,No,28,Yes,Yes,Fiber optic,No,No,Yes,Yes,Yes,Yes,Month-to-month,Yes,Electronic check,104.8,3046.05,Yes,0.7392482657158292,High Risk,2985.47575,High Value - High Risk
1658-BYGOY,Male,1,No,No,18,Yes,Yes,Fiber optic,No,No,No,No,Yes,Yes,Month-to-month,Yes,Electronic check,95.45,1752.55,Yes,0.8453914299900822,High Risk,1757.1717499999986,High Value - High Risk
4598-XLKNJ,Female,1,Yes,No,25,Yes,No,Fiber optic,No,Yes,Yes,No,Yes,Yes,Month-to-month,Yes,Electronic check,98.5,2514.5,Yes,0.759326720193436,High Risk,2506.806999999999,High Value - High Risk
4385-GZQXV,Female,1,No,No,16,Yes,No,Fiber optic,No,No,No,Yes,Yes,Yes,Month-to-month,Yes,Electronic check,94.45,1511.2,Yes,0.7684432342967977,High Risk,1500.1080000000034,High Value - High Risk
0265-EDXBD,Male,1,Yes,No,32,Yes,Yes,Fiber optic,No,No,No,No,No,No,Month-to-month,Yes,Electronic check,74.9,2303.35,Yes,0.7142050712585727,High Risk,2297.924249999998,High Value - High Risk
2840-XANRC,Male,1,Yes,No,24,Yes,No,Fiber optic,No,No,Yes,No,Yes,Yes,Month-to-month,Yes,Electronic check,93.15,2231.05,Yes,0.7854623536458947,High Risk,2258.5917499999937,High Value - High Risk
2359-KMGLI,Male,0,No,No,24,Yes,Yes,Fiber optic,No,Yes,No,No,No,No,Month-to-month,Yes,Electronic check,80.25,1861.5,Yes,0.7081779045090086,High Risk,1905.963187500001,High Value - High Risk
5609-CEBID,Female,1,No,No,20,Yes,Yes,Fiber optic,No,Yes,Yes,No,No,Yes,Month-to-month,Yes,Electronic check,94.1,1782.4,Yes,0.7867888744087876,High Risk,1804.7112500000012,High Value - High Risk
0939-YAPAF,Female,0,No,No,35,Yes,Yes,Fiber optic,No,No,Yes,No,Yes,Yes,Month-to-month,Yes,Electronic check,100.25,3527.6,Yes,0.7526536502584096,High Risk,3506.603999999994,High Value - High Risk
1626-ERCMM,Male,1,Yes,No,20,Yes,Yes,Fiber optic,No,No,No,No,Yes,Yes,Month-to-month,Yes,Electronic check,94.55,1899.65,Yes,0.8409174898636569,High Risk,1873.9655000000023,High Value - High Risk
5244-IRFIH,Male,1,Yes,No,33,Yes,Yes,Fiber optic,No,No,No,No,Yes,Yes,Month-to-month,Yes,Electronic check,94.5,3105.55,Yes,0.7901703911930309,High Risk,3101.844500000003,High Value - High Risk
6683-VLCTZ,Male,1,No,No,20,Yes,Yes,Fiber optic,No,No,Yes,No,Yes,Yes,Month-to-month,Yes,Electronic check,98.55,1842.8,Yes,0.8395428861567923,High Risk,1987.031750000006,High Value - High Risk
0236-HFWSV,Male,0,No,No,15,Yes,Yes,Fiber optic,No,No,No,No,Yes,Yes,Month-to-month,Yes,Electronic check,93.35,1444.65,Yes,0.8418560362154054,High Risk,1445.2235,High Value - High Risk
4289-DTDKW,Male,0,Yes,No,40,Yes,Yes,Fiber optic,No,Yes,No,No,Yes,Yes,Month-to-month,Yes,Electronic check,101.3,4113.1,Yes,0.7156748886330272,High Risk,4083.3672499999902,High Value - High Risk
0115-TFERT,Male,0,Yes,No,21,Yes,Yes,Fiber optic,No,Yes,Yes,Yes,Yes,Yes,Month-to-month,Yes,Electronic check,111.2,2317.1,Yes,0.7701946518857979,High Risk,2288.679999999996,High Value - High Risk
0947-MUGVO,Male,1,Yes,No,20,Yes,No,Fiber optic,No,Yes,No,No,No,No,Month-to-month,Yes,Electronic check,73.65,1463.5,Yes,0.7050891561980929,High Risk,1474.2612500000014,High Value - High Risk
4124-MMETB,Male,0,No,No,22,Yes,Yes,Fiber optic,No,No,No,No,Yes,Yes,Month-to-month,Yes,Credit card (automatic),94.65,2104.55,Yes,0.7354296879801512,High Risk,1991.6052500000023,High Value - High Risk
7028-DVOIQ,Male,1,No,No,35,Yes,Yes,Fiber optic,No,No,Yes,No,Yes,Yes,Month-to-month,Yes,Electronic check,99.05,3395.8,Yes,0.7791891583363371,High Risk,3477.981716666664,High Value - High Risk
5382-SOYZL,Male,0,No,No,22,Yes,Yes,Fiber optic,No,No,No,No,Yes,Yes,Month-to-month,Yes,Electronic check,95.1,2162.6,No,0.7498674293245272,High Risk,2164.941999999995,High Value - High Risk
9524-EGPJC,Female,0,No,No,18,Yes,Yes,Fiber optic,No,No,No,Yes,No,Yes,Month-to-month,Yes,Electronic check,90.1,1612.75,Yes,0.7454532392495111,High Risk,1595.3322499999997,High Value - High Risk
8436-BJUMM,Male,0,Yes,Yes,26,Yes,Yes,Fiber optic,No,No,No,No,Yes,No,Month-to-month,Yes,Electronic check,83.75,2070.6,Yes,0.7286621712363219,High Risk,2137.1134999999977,High Value - High Risk
7029-RPUAV,Male,1,Yes,No,17,Yes,Yes,Fiber optic,No,No,Yes,No,Yes,Yes,Month-to-month,Yes,Credit card (automatic),100.45,1622.45,Yes,0.729421070778603,High Risk,1644.774500000005,High Value - High Risk
8111-SLLHI,Male,1,Yes,No,39,Yes,Yes,Fiber optic,No,Yes,Yes,No,Yes,Yes,Month-to-month,Yes,Electronic check,105.65,4284.8,Yes,0.7427733278989636,High Risk,4195.68900000001,High Value - High Risk
0125-LZQXK,Male,0,No,No,15,Yes,No,Fiber optic,No,No,Yes,Yes,Yes,Yes,Month-to-month,Yes,Electronic check,101.35,1553.95,Yes,0.7514559113642272,High Risk,1544.9130000000043,High Value - High Risk
5565-FILXA,Female,1,No,No,16,Yes,Yes,Fiber optic,No,No,No,No,Yes,Yes,Month-to-month,Yes,Electronic check,96.15,1529.2,Yes,0.848618898283287,High Risk,1535.5945000000047,High Value - High Risk
6507-ZJSUR,Male,1,Yes,No,23,Yes,No,Fiber optic,No,No,No,No,Yes,Yes,Month-to-month,Yes,Electronic check,90.45,2117.25,No,0.7077667793783747,High Risk,2076.0932500000013,High Value - High Risk
7831-QGOXH,Female,0,No,No,18,Yes,Yes,Fiber optic,No,No,No,No,Yes,No,Month-to-month,Yes,Electronic check,85.2,1553.9,Yes,0.7892558450541431,High Risk,1564.1490000000003,High Value - High Risk
6393-WRYZE,Female,0,Yes,No,34,Yes,Yes,Fiber optic,No,No,No,No,Yes,Yes,Month-to-month,Yes,Electronic check,97.65,3207.55,Yes,0.7568895244264078,High Risk,3271.5114166666685,High Value - High Risk
9415-DPEWS,Female,0,No,No,18,Yes,Yes,Fiber optic,No,No,No,Yes,Yes,No,Month-to-month,Yes,Electronic check,88.35,1639.3,Yes,0.7453242487444665,High Risk,1611.8389999999958,High Value - High Risk
0680-DFNNY,Male,0,Yes,No,15,Yes,Yes,Fiber optic,No,No,Yes,No,Yes,Yes,Month-to-month,Yes,Electronic check,101.1,1504.05,Yes,0.839228561117806,High Risk,1495.7775000000015,High Value - High Risk
3473-XIIIT,Female,0,Yes,No,16,Yes,Yes,Fiber optic,No,Yes,No,No,Yes,Yes,Month-to-month,Yes,Electronic check,100.0,1534.75,Yes,0.8198659654700624,High Risk,1545.53175,High Value - High Risk
7079-QRCBC,Female,0,No,No,24,Yes,Yes,Fiber optic,No,No,Yes,No,Yes,Yes,Month-to-month,Yes,Electronic check,98.75,2407.3,Yes,0.80264347584663,High Risk,2390.3547499999945,High Value - High Risk
9851-QXEEQ,Male,0,No,No,41,Yes,Yes,Fiber optic,No,Yes,Yes,No,Yes,Yes,Month-to-month,Yes,Electronic check,104.7,4346.4,Yes,0.7098227437442686,High Risk,4308.186750000001,High Value - High Risk
9809-IMGCQ,Male,1,No,No,22,Yes,Yes,Fiber optic,No,No,No,No,Yes,Yes,Month-to-month,Yes,Electronic check,96.7,2082.95,Yes,0.8293842369660046,High Risk,2115.189750000006,High Value - High Risk
3254-YRILK,Male,1,No,No,19,Yes,Yes,Fiber optic,No,Yes,No,No,Yes,No,Month-to-month,Yes,Electronic check,88.2,1775.8,Yes,0.7943993043850213,High Risk,1744.7022499999969,High Value - High Risk
0637-YLETY,Female,0,No,No,16,Yes,Yes,Fiber optic,No,Yes,Yes,No,No,Yes,Month-to-month,Yes,Credit card (automatic),95.6,1555.65,Yes,0.7225646233649763,High Risk,1516.207250000004,High Value - High Risk
6032-KRXXO,Male,0,No,No,30,Yes,No,Fiber optic,No,No,No,No,Yes,Yes,Month-to-month,Yes,Electronic check,90.25,2755.35,Yes,0.7330792809631367,High Risk,2744.239749999997,High Value - High Risk
8017-LXHFA,Female,1,No,No,23,Yes,No,Fiber optic,No,Yes,No,No,Yes,Yes,Month-to-month,Yes,Electronic check,94.75,2293.6,Yes,0.7657310734514967,High Risk,2164.51425,High Value - High Risk
6352-TWCAU,Female,0,No,No,35,Yes,Yes,Fiber optic,No,No,No,No,Yes,No,Month-to-month,Yes,Electronic check,86.45,3029.1,Yes,0.7089220443913575,High Risk,2999.497999999992,High Value - High Risk
9490-DFPMD,Female,1,No,No,42,Yes,Yes,Fiber optic,No,No,No,No,Yes,No,Month-to-month,Yes,Electronic check,84.65,3541.35,Yes,0.7003513186900135,High Risk,3555.1457499999897,High Value - High Risk
4423-YLHDV,Female,0,Yes,No,21,Yes,Yes,Fiber optic,Yes,No,Yes,No,Yes,Yes,Month-to-month,Yes,Bank transfer (automatic),104.4,2200.25,Yes,0.7064084788333228,High Risk,2213.5635,High Value - High Risk
4816-LXZYW,Female,0,No,No,23,Yes,Yes,Fiber optic,No,Yes,No,No,No,No,Month-to-month,Yes,Electronic check,79.15,1676.95,Yes,0.710754316335966,High Risk,1714.5315000000037,High Value - High Risk
9606-PBKBQ,Male,1,Yes,No,32,Yes,Yes,Fiber optic,No,No,No,No,No,Yes,Month-to-month,Yes,Electronic check,85.0,2642.05,Yes,0.756849881290761,High Risk,2642.914499999995,High Value - High Risk
6365-MTGZX,Male,0,No,No,24,Yes,No,Fiber optic,No,No,No,Yes,Yes,Yes,Month-to-month,Yes,Electronic check,96.0,2122.45,Yes,0.7101848558293448,High Risk,2189.2450000000063,High Value - High Risk
8565-CLBZW,Male,0,No,No,24,Yes,Yes,Fiber optic,No,No,Yes,No,Yes,No,Month-to-month,Yes,Mailed check,89.85,2165.05,Yes,0.7214395089827013,High Risk,2183.0640666666623,High Value - High Risk
9172-JITSM,Female,0,Yes,Yes,26,Yes,No,Fiber optic,No,No,No,No,Yes,Yes,Month-to-month,Yes,Electronic check,90.8,2361.8,Yes,0.7151522965640961,High Risk,2346.8242499999924,High Value - High Risk
6298-QDFNH,Male,0,No,No,22,Yes,Yes,Fiber optic,No,Yes,No,No,No,No,Month-to-month,Yes,Electronic check,79.35,1730.35,Yes,0.7194779226567478,High Risk,1729.5569999999998,High Value - High Risk
9961-JBNMK,Male,1,No,No,21,Yes,No,Fiber optic,No,No,Yes,No,Yes,Yes,Month-to-month,Yes,Bank transfer (automatic),96.8,2030.3,Yes,0.7356277105037253,High Risk,2004.7992499999968,High Value - High Risk
8290-YWKHZ,Female,1,Yes,No,32,Yes,Yes,Fiber optic,No,No,No,No,Yes,Yes,Month-to-month,Yes,Electronic check,93.2,2931.0,Yes,0.7926333655583361,High Risk,2944.831249999999,High Value - High Risk
5628-FCGYG,Male,0,No,No,21,Yes,Yes,Fiber optic,No,No,No,No,No,Yes,Month-to-month,Yes,Electronic check,84.1,1737.45,No,0.702162194611346,High Risk,1769.1750000000052,High Value - High Risk
4021-RQSNY,Male,1,Yes,No,29,Yes,Yes,Fiber optic,No,No,Yes,No,Yes,Yes,Month-to-month,Yes,Electronic check,98.5,3004.15,Yes,0.8069336060632297,High Risk,2954.7652500000067,High Value - High Risk
8182-BJDSI,Female,0,No,No,28,Yes,Yes,Fiber optic,No,Yes,No,No,No,Yes,Month-to-month,Yes,Electronic check,89.95,2625.55,Yes,0.7290466860195617,High Risk,2566.8702499999963,High Value - High Risk
8949-JTMAY,Female,0,No,No,29,Yes,Yes,Fiber optic,No,No,Yes,No,Yes,Yes,Month-to-month,Yes,Credit card (automatic),98.6,2933.2,Yes,0.72271185981759,High Risk,2901.218250000003,High Value - High Risk
4094-NSEDU,Female,1,No,No,21,Yes,Yes,Fiber optic,No,No,No,No,Yes,Yes,Month-to-month,Yes,Electronic check,94.25,1973.75,Yes,0.8329617020354144,High Risk,1958.0794999999987,High Value - High Risk
1254-IZEYF,Female,1,No,No,31,Yes,Yes,Fiber optic,No,Yes,No,No,Yes,Yes,Month-to-month,Yes,Electronic check,99.95,3186.65,Yes,0.7755454207405491,High Risk,3139.92450000001,High Value - High Risk
9492-TOKRI,Female,0,No,No,18,Yes,Yes,Fiber optic,No,Yes,No,No,Yes,No,Month-to-month,Yes,Credit card (automatic),90.0,1527.35,Yes,0.7121063988516637,High Risk,1560.1779999999992,High Value - High Risk
9221-OTIVJ,Female,1,No,No,14,Yes,Yes,Fiber optic,No,Yes,Yes,No,Yes,Yes,Month-to-month,Yes,Electronic check,104.85,1531.4,Yes,0.7954907534076195,High Risk,1463.6459999999984,High Value - High Risk
8922-LIEGH,Female,1,No,No,25,Yes,Yes,Fiber optic,No,Yes,No,No,No,Yes,Month-to-month,Yes,Electronic check,89.7,2187.55,Yes,0.7652236727887379,High Risk,2208.668249999996,High Value - High Risk
8245-UMPYT,Female,1,No,No,16,Yes,Yes,Fiber optic,No,No,No,No,Yes,Yes,Month-to-month,Yes,Electronic check,96.4,1581.2,Yes,0.8048757822005255,High Risk,1553.0937500000043,High Value - High Risk
5130-IEKQT,Male,1,No,No,25,Yes,Yes,Fiber optic,No,Yes,Yes,No,Yes,Yes,Month-to-month,No,Mailed check,105.95,2655.25,Yes,0.7078482051319883,High Risk,2641.95575,High Value - High Risk
9600-UDOPK,Male,0,Yes,No,30,Yes,Yes,Fiber optic,No,No,No,No,Yes,Yes,Month-to-month,Yes,Credit card (automatic),94.05,2866.45,Yes,0.7246498696241234,High Risk,2761.658833333337,High Value - High Risk
3269-ATYWD,Male,1,No,No,39,Yes,Yes,Fiber optic,No,No,No,No,Yes,Yes,Month-to-month,Yes,Bank transfer (automatic),95.65,3759.05,Yes,0.7010060883623105,High Risk,3689.407374999989,High Value - High Risk
3336-JORSO,Female,1,No,No,33,Yes,Yes,Fiber optic,No,Yes,Yes,Yes,Yes,Yes,Month-to-month,Yes,Electronic check,110.45,3655.45,Yes,0.7155088781808506,High Risk,3659.708999999994,High Value - High Risk
3550-SAHFP,Female,0,No,No,33,Yes,Yes,Fiber optic,No,No,No,No,No,Yes,Month-to-month,Yes,Electronic check,83.35,2757.85,Yes,0.7265928397891739,High Risk,2720.2407499999917,High Value - High Risk
4659-NZRUF,Female,0,No,No,19,Yes,Yes,Fiber optic,Yes,Yes,No,No,No,Yes,Month-to-month,Yes,Electronic check,95.15,1789.25,Yes,0.7142839554881178,High Risk,1784.329000000001,High Value - High Risk
8429-XIBUM,Male,0,No,No,22,Yes,Yes,Fiber optic,Yes,No,No,No,Yes,Yes,Month-to-month,Yes,Bank transfer (automatic),101.35,2317.1,Yes,0.7093552378765522,High Risk,2262.753249999996,High Value - High Risk
6100-QQHEB,Male,0,Yes,Yes,17,Yes,Yes,Fiber optic,No,No,No,No,Yes,Yes,Month-to-month,Yes,Electronic check,92.55,1515.1,Yes,0.8099888894617112,High Risk,1599.7667500000057,High Value - High Risk
3001-CBHLQ,Male,1,Yes,No,32,Yes,Yes,Fiber optic,No,No,Yes,Yes,Yes,Yes,Month-to-month,Yes,Electronic check,104.9,3351.55,Yes,0.7462945144580481,High Risk,3402.903749999995,High Value - High Risk
0148-DCDOS,Male,0,No,No,25,Yes,Yes,Fiber optic,No,No,No,No,Yes,Yes,Month-to-month,Yes,Bank transfer (automatic),94.7,2362.1,Yes,0.7475883369267717,High Risk,2381.61425,High Value - High Risk
9992-RRAMN,Male,0,Yes,No,22,Yes,Yes,Fiber optic,No,No,No,No,No,Yes,Month-to-month,Yes,Electronic check,85.1,1873.7,Yes,0.7794689068410329,High Risk,1889.061750000004,High Value - High Risk
0611-DFXKO,Male,0,Yes,No,20,Yes,No,Fiber optic,No,No,No,No,Yes,Yes,Month-to-month,Yes,Mailed check,89.0,1820.45,Yes,0.7392544700583422,High Risk,1821.295250000005,High Value - High Risk
7780-OTDSO,Male,0,Yes,No,18,Yes,Yes,Fiber optic,Yes,No,No,No,Yes,Yes,Month-to-month,Yes,Electronic check,99.4,1742.95,Yes,0.7832337424838269,High Risk,1762.8160000000053,High Value - High Risk
2845-AFFTX,Male,1,Yes,No,41,Yes,Yes,Fiber optic,No,No,Yes,No,Yes,Yes,Month-to-month,Yes,Electronic check,99.8,4259.3,Yes,0.7532105238769254,High Risk,4030.8711250000015,High Value - High Risk
2249-YPRNG,Female,0,Yes,Yes,20,Yes,Yes,Fiber optic,No,Yes,Yes,No,Yes,Yes,Month-to-month,Yes,Bank transfer (automatic),105.85,2239.65,Yes,0.7133696941706522,High Risk,2207.3980000000047,High Value - High Risk
5590-BYNII,Male,0,No,No,22,Yes,Yes,Fiber optic,Yes,No,No,No,Yes,Yes,Month-to-month,Yes,Electronic check,100.75,2095.0,Yes,0.7616822545667823,High Risk,2191.083750000001,High Value - High Risk
8118-LSUEL,Male,1,No,No,23,Yes,Yes,Fiber optic,No,Yes,Yes,No,Yes,Yes,Month-to-month,Yes,Electronic check,106.4,2483.5,Yes,0.8094936382774751,High Risk,2416.522749999999,High Value - High Risk
4803-AXVYP,Female,1,No,No,38,Yes,Yes,Fiber optic,No,No,No,Yes,Yes,Yes,Month-to-month,Yes,Electronic check,99.55,3734.25,Yes,0.7131927662699422,High Risk,3780.620958333335,High Value - High Risk
3318-OSATS,Male,1,No,No,35,Yes,Yes,Fiber optic,No,No,No,No,Yes,Yes,Month-to-month,Yes,Electronic check,95.45,3474.05,Yes,0.7783631635939551,High Risk,3438.84958333334,High Value - High Risk
8276-MQBYC,Male,1,No,No,51,Yes,Yes,Fiber optic,No,No,Yes,No,Yes,Yes,Month-to-month,Yes,Electronic check,97.8,4913.3,Yes,0.7062606549182477,High Risk,4924.334000000012,High Value - High Risk
0337-CNPZE,Female,0,No,No,41,Yes,Yes,Fiber optic,No,Yes,Yes,No,Yes,Yes,Month-to-month,Yes,Electronic check,106.3,4443.45,Yes,0.7030492035495979,High Risk,4413.980499999992,High Value - High Risk
5519-YLDGW,Female,0,Yes,No,21,Yes,Yes,Fiber optic,Yes,No,Yes,No,Yes,Yes,Month-to-month,Yes,Electronic check,103.9,2254.2,Yes,0.7926623499334616,High Risk,2250.344000000004,High Value - High Risk
2430-USGXP,Male,0,Yes,No,24,Yes,Yes,Fiber optic,No,No,Yes,No,Yes,Yes,Month-to-month,Yes,Electronic check,101.05,2391.8,Yes,0.8047931860456581,High Risk,2430.9712499999973,High Value - High Risk
5955-ERIHD,Male,0,Yes,No,18,Yes,Yes,Fiber optic,No,No,No,No,Yes,Yes,Month-to-month,Yes,Electronic check,94.7,1687.95,Yes,0.83091241951954,High Risk,1739.133000000002,High Value - High Risk
6331-EWIEB,Male,0,No,No,20,Yes,Yes,Fiber optic,No,No,No,No,Yes,No,Month-to-month,Yes,Electronic check,85.25,1734.5,Yes,0.7791398683003544,High Risk,1732.2902500000005,High Value - High Risk
6900-PXRMS,Male,1,Yes,Yes,26,Yes,Yes,Fiber optic,No,Yes,Yes,No,Yes,Yes,Month-to-month,No,Electronic check,105.75,2710.25,Yes,0.7173742782625588,High Risk,2644.359250000001,High Value - High Risk
1771-OADNZ,Male,1,Yes,No,29,Yes,Yes,Fiber optic,No,Yes,Yes,No,No,Yes,Month-to-month,Yes,Electronic check,95.9,2745.2,Yes,0.7498082069920164,High Risk,2737.948250000003,High Value - High Risk
1723-HKXJQ,Male,0,No,No,42,Yes,Yes,Fiber optic,No,Yes,No,No,Yes,Yes,Month-to-month,Yes,Electronic check,101.75,4273.45,Yes,0.7028466319501755,High Risk,4255.662499999992,High Value - High Risk
4433-JCGCG,Male,1,Yes,No,46,Yes,Yes,Fiber optic,No,No,Yes,No,Yes,Yes,Month-to-month,Yes,Electronic check,101.0,4680.05,Yes,0.727805600524639,High Risk,4668.829750000006,High Value - High Risk
1866-RZZQS,Male,1,No,No,41,Yes,Yes,Fiber optic,No,No,Yes,No,Yes,Yes,Month-to-month,Yes,Electronic check,98.4,4187.75,Yes,0.753292790483022,High Risk,4119.86825,High Value - High Risk
4958-XCBDQ,Male,1,No,No,35,Yes,Yes,Fiber optic,No,No,Yes,No,Yes,Yes,Month-to-month,Yes,Electronic check,101.4,3496.3,Yes,0.7727185670011828,High Risk,3511.042000000006,High Value - High Risk
5914-DVBWJ,Female,1,No,No,18,Yes,Yes,Fiber optic,No,Yes,No,Yes,No,No,Month-to-month,Yes,Electronic check,85.45,1505.85,Yes,0.7048573929231393,High Risk,1584.103,High Value - High Risk
8625-AZYZY,Male,0,Yes,No,24,Yes,Yes,Fiber optic,No,Yes,Yes,No,Yes,Yes,Month-to-month,Yes,Electronic check,104.65,2542.45,Yes,0.7902605362698301,High Risk,2511.994000000007,High Value - High Risk
8374-XGEJJ,Male,1,Yes,No,43,Yes,Yes,Fiber optic,No,Yes,No,No,Yes,Yes,Month-to-month,Yes,Electronic check,101.0,4388.4,Yes,0.7244254900470453,High Risk,4423.9115,High Value - High Risk
4039-HEUNW,Male,1,Yes,No,36,Yes,Yes,Fiber optic,No,Yes,No,No,Yes,Yes,Month-to-month,Yes,Electronic check,96.5,3436.1,Yes,0.764046474422321,High Risk,3470.614500000009,High Value - High Risk
5655-JSMZM,Male,1,No,No,49,Yes,Yes,Fiber optic,No,No,No,No,Yes,Yes,Month-to-month,Yes,Electronic check,96.2,4718.25,Yes,0.7120120336184382,High Risk,4755.379979166664,High Value - High Risk
8868-WOZGU,Male,0,No,No,28,Yes,Yes,Fiber optic,No,Yes,Yes,No,Yes,Yes,Month-to-month,Yes,Electronic check,105.7,2979.5,Yes,0.7695124646756069,High Risk,2985.4545000000007,High Value - High Risk
9189-JWSHV,Female,1,Yes,No,24,Yes,Yes,Fiber optic,No,No,No,No,Yes,Yes,Month-to-month,Yes,Electronic check,93.55,2264.05,Yes,0.824227061008151,High Risk,2276.407249999994,High Value - High Risk
4822-YCXMX,Male,0,No,No,25,Yes,Yes,Fiber optic,No,No,No,No,No,Yes,Month-to-month,Yes,Electronic check,84.8,2043.45,Yes,0.7655933720560945,High Risk,2068.504750000003,High Value - High Risk
3663-MITLP,Female,0,No,No,15,Yes,No,Fiber optic,No,Yes,Yes,No,Yes,Yes,Month-to-month,Yes,Electronic check,101.25,1457.25,Yes,0.7769958872401048,High Risk,1499.4450000000015,High Value - High Risk
4902-OHLSK,Female,1,No,No,29,Yes,Yes,Fiber optic,No,No,No,Yes,Yes,Yes,Month-to-month,No,Electronic check,98.65,2862.75,Yes,0.7040189490228851,High Risk,2901.218250000003,High Value - High Risk
2357-COQEK,Female,1,No,No,28,Yes,Yes,Fiber optic,No,No,Yes,Yes,Yes,Yes,Month-to-month,Yes,Electronic check,103.3,2890.65,Yes,0.7612018784471731,High Risk,2895.4312500000065,High Value - High Risk
2034-CGRHZ,Male,1,No,No,24,Yes,Yes,Fiber optic,No,Yes,Yes,No,Yes,Yes,Month-to-month,Yes,Credit card (automatic),102.95,2496.7,Yes,0.7547487258876157,High Risk,2495.5007500000074,High Value - High Risk
2091-RFFBA,Female,1,No,No,31,Yes,Yes,Fiber optic,No,No,No,No,No,No,Month-to-month,Yes,Electronic check,73.9,2217.15,Yes,0.7144363331229246,High Risk,2215.6367500000047,High Value - High Risk
4597-NUCQV,Male,1,No,No,24,Yes,Yes,Fiber optic,No,Yes,No,No,Yes,Yes,Month-to-month,Yes,Electronic check,101.25,2440.15,Yes,0.8067585233077333,High Risk,2441.2722499999986,High Value - High Risk
1792-UXAFY,Female,1,No,No,17,Yes,No,Fiber optic,No,Yes,Yes,No,Yes,No,Month-to-month,Yes,Electronic check,89.15,1496.9,Yes,0.751715720084523,High Risk,1503.4890000000012,High Value - High Risk
5449-FIBXJ,Male,0,Yes,Yes,19,Yes,Yes,Fiber optic,No,No,Yes,Yes,Yes,Yes,Month-to-month,No,Electronic check,103.3,2012.7,Yes,0.7005528581816715,High Risk,1994.375000000004,High Value - High Risk
6087-MVHJH,Female,0,No,No,16,Yes,Yes,Fiber optic,No,No,Yes,No,No,Yes,Month-to-month,Yes,Electronic check,88.45,1422.1,Yes,0.801377628248011,High Risk,1398.7160000000003,High Value - High Risk
9658-WYUFB,Female,0,No,No,17,Yes,Yes,Fiber optic,Yes,Yes,No,No,Yes,No,Month-to-month,Yes,Electronic check,94.4,1617.5,Yes,0.7223436897368505,High Risk,1608.4770000000044,High Value - High Risk
9647-ERGBE,Female,0,Yes,Yes,30,Yes,Yes,Fiber optic,No,No,Yes,No,Yes,Yes,Month-to-month,Yes,Electronic check,100.05,3046.15,Yes,0.7451503755648576,High Risk,3026.4732500000064,High Value - High Risk
8063-GBATB,Female,1,No,No,27,Yes,Yes,Fiber optic,No,No,No,No,No,Yes,Month-to-month,Yes,Electronic check,85.25,2287.25,Yes,0.773175104717852,High Risk,2197.7084999999943,High Value - High Risk
5219-YIPTK,Female,0,Yes,No,33,Yes,Yes,Fiber optic,No,Yes,Yes,No,Yes,Yes,Month-to-month,Yes,Electronic check,104.4,3409.6,Yes,0.7468627940300393,High Risk,3438.663291666666,High Value - High Risk
3393-FMZPV,Female,0,No,No,25,Yes,Yes,Fiber optic,No,Yes,No,No,Yes,Yes,Month-to-month,Yes,Electronic check,100.25,2387.75,Yes,0.7808088587632899,High Risk,2456.709500000001,High Value - High Risk
6402-ZFPPI,Female,1,No,No,25,Yes,Yes,Fiber optic,Yes,Yes,No,No,Yes,Yes,Month-to-month,Yes,Mailed check,102.8,2660.2,Yes,0.7060065852672702,High Risk,2618.3242500000065,High Value - High Risk
3647-GMGDH,Male,0,Yes,No,22,Yes,No,Fiber optic,No,No,Yes,No,Yes,Yes,Month-to-month,Yes,Credit card (automatic),94.7,1914.9,Yes,0.7111367202350404,High Risk,1991.4852500000025,High Value - High Risk
0362-ZBZWJ,Male,0,No,No,36,Yes,Yes,Fiber optic,No,No,No,No,No,Yes,Month-to-month,Yes,Electronic check,84.9,3067.2,Yes,0.7135786866673212,High Risk,3063.2302500000037,High Value - High Risk
8854-CCVSQ,Male,0,No,No,18,Yes,Yes,Fiber optic,No,Yes,No,No,No,No,Month-to-month,Yes,Electronic check,80.65,1451.9,Yes,0.7367009651324581,High Risk,1439.257883333332,High Value - High Risk
7270-BDIOA,Female,0,No,No,22,Yes,Yes,Fiber optic,No,No,No,Yes,Yes,No,Month-to-month,Yes,Electronic check,90.0,1993.8,Yes,0.7237053892257007,High Risk,1986.380249999996,High Value - High Risk
2568-OIADY,Female,0,Yes,No,37,Yes,Yes,Fiber optic,No,No,Yes,No,Yes,Yes,Month-to-month,Yes,Electronic check,99.5,3762.0,Yes,0.7465624644294937,High Risk,3743.647249999998,High Value - High Risk
7137-RYLPP,Male,1,Yes,No,37,Yes,Yes,Fiber optic,No,No,No,No,Yes,No,Month-to-month,Yes,Electronic check,85.7,3171.15,Yes,0.7295259724542708,High Risk,3064.3210000000004,High Value - High Risk
3957-LXOLK,Female,1,No,No,28,Yes,Yes,Fiber optic,No,Yes,Yes,No,Yes,Yes,Month-to-month,Yes,Electronic check,106.15,3152.5,Yes,0.7856635019566154,High Risk,3067.177000000003,High Value - High Risk
4735-ASGMA,Male,0,No,No,26,Yes,Yes,Fiber optic,No,No,Yes,No,Yes,Yes,Month-to-month,Yes,Electronic check,98.35,2515.3,Yes,0.7255861374741844,High Risk,2515.2282499999965,High Value - High Risk
7480-QNVZJ,Male,1,No,No,50,Yes,Yes,Fiber optic,No,No,No,No,Yes,Yes,Month-to-month,Yes,Electronic check,95.7,4816.7,Yes,0.7078655851784287,High Risk,4789.643816666665,High Value - High Risk
4325-NFSKC,Male,1,No,No,19,Yes,Yes,Fiber optic,Yes,No,No,No,Yes,No,Month-to-month,Yes,Electronic check,90.6,1660.0,Yes,0.7559200693034626,High Risk,1676.491,High Value - High Risk
6907-NZZIJ,Female,0,No,No,36,Yes,Yes,Fiber optic,No,Yes,No,No,Yes,Yes,Month-to-month,Yes,Electronic check,99.15,3615.6,Yes,0.7322693047587213,High Risk,3593.633533333325,High Value - High Risk
3744-ZRRDZ,Male,0,No,No,21,Yes,Yes,Fiber optic,No,Yes,No,No,No,No,Month-to-month,Yes,Electronic check,82.35,1852.85,Yes,0.7195818959336208,High Risk,1811.050249999999,High Value - High Risk
5980-NOPLP,Female,0,Yes,No,44,Yes,Yes,Fiber optic,No,No,No,No,Yes,Yes,Month-to-month,Yes,Electronic check,96.1,4364.1,Yes,0.7117077205574737,High Risk,4272.792499999991,High Value - High Risk
6892-XPFPU,Male,1,Yes,No,24,Yes,Yes,Fiber optic,No,Yes,Yes,No,Yes,Yes,Month-to-month,Yes,Electronic check,104.25,2433.9,Yes,0.7445009260570457,High Risk,2468.0952500000085,High Value - High Risk
9874-QLCLH,Female,0,Yes,Yes,17,Yes,Yes,Fiber optic,Yes,No,Yes,No,Yes,Yes,Month-to-month,Yes,Electronic check,104.2,1743.5,Yes,0.7512392351202283,High Risk,1721.30775,High Value - High Risk
1075-BGWOH,Male,1,Yes,No,16,Yes,Yes,Fiber optic,No,No,Yes,No,Yes,Yes,Month-to-month,Yes,Electronic check,98.75,1587.55,Yes,0.8548073185014071,High Risk,1574.138999999997,High Value - High Risk
5366-IJEQJ,Male,0,No,No,20,Yes,Yes,Fiber optic,No,No,Yes,No,Yes,No,Month-to-month,Yes,Electronic check,88.7,1761.45,Yes,0.7852716646350901,High Risk,1778.3102500000057,High Value - High Risk
4971-PUYQO,Female,0,No,No,27,Yes,Yes,Fiber optic,No,No,No,No,Yes,Yes,Month-to-month,Yes,Mailed check,94.55,2724.6,Yes,0.7477836211198582,High Risk,2626.5312499999923,High Value - High Risk
6029-WTIPC,Male,1,No,No,37,Yes,Yes,Fiber optic,No,No,Yes,No,Yes,Yes,Month-to-month,Yes,Electronic check,101.1,3744.05,Yes,0.7674203556782816,High Risk,3700.452750000005,High Value - High Risk
2082-OJVTK,Male,0,Yes,Yes,29,Yes,Yes,Fiber optic,No,No,Yes,No,No,Yes,Month-to-month,Yes,Electronic check,89.2,2698.35,Yes,0.7149588061676971,High Risk,2660.3462499999955,High Value - High Risk
5940-NFXKV,Male,0,Yes,Yes,19,Yes,Yes,Fiber optic,No,No,No,No,No,Yes,Month-to-month,Yes,Electronic check,83.65,1465.75,Yes,0.7642125427242069,High Risk,1610.1972500000036,High Value - High Risk
2362-IBOOY,Male,0,No,No,36,Yes,Yes,Fiber optic,No,No,No,No,No,Yes,Month-to-month,Yes,Electronic check,84.75,3050.15,Yes,0.7138197934362548,High Risk,3054.790250000008,High Value - High Risk
6005-OBZPH,Female,1,No,No,26,Yes,Yes,Fiber optic,No,Yes,No,No,Yes,No,Month-to-month,Yes,Electronic check,89.15,2277.65,Yes,0.7588060832312744,High Risk,2288.0182500000046,High Value - High Risk
5959-BELXA,Male,1,No,No,32,Yes,Yes,Fiber optic,No,No,No,No,Yes,Yes,Month-to-month,Yes,Credit card (automatic),96.15,3019.25,Yes,0.7322047071269215,High Risk,3016.028833333336,High Value - High Risk
4391-RESHN,Male,0,No,No,23,Yes,Yes,Fiber optic,No,No,Yes,Yes,Yes,Yes,Month-to-month,Yes,Mailed check,104.05,2470.1,Yes,0.7205106381544549,High Risk,2404.559499999993,High Value - High Risk
9801-GDWGV,Female,0,No,No,39,Yes,Yes,Fiber optic,No,Yes,Yes,No,Yes,Yes,Month-to-month,Yes,Electronic check,103.45,3994.45,Yes,0.7175526703250472,High Risk,4014.286749999991,High Value - High Risk
0654-HMSHN,Male,0,Yes,Yes,21,Yes,Yes,Fiber optic,No,Yes,Yes,No,Yes,Yes,Month-to-month,No,Electronic check,104.4,2157.95,Yes,0.7210147659444154,High Risk,2213.5635,High Value - High Risk
1891-UAWWU,Female,1,Yes,No,20,Yes,Yes,Fiber optic,No,No,Yes,No,Yes,No,Month-to-month,No,Electronic check,90.8,1951.0,Yes,0.7517621385616232,High Risk,1790.783499999997,High Value - High Risk
5883-GTGVD,Male,0,No,No,19,Yes,Yes,Fiber optic,No,Yes,No,No,Yes,Yes,Month-to-month,Yes,Electronic check,99.95,1931.75,Yes,0.8097106028179101,High Risk,1898.7922500000009,High Value - High Risk
9102-IAYHT,Female,0,Yes,Yes,17,Yes,Yes,Fiber optic,No,No,No,No,No,Yes,Month-to-month,Yes,Electronic check,85.45,1451.6,Yes,0.7667692638833521,High Risk,1453.2386666666705,High Value - High Risk
3398-ZOUAA,Male,1,Yes,No,21,Yes,No,Fiber optic,No,No,No,No,No,No,Month-to-month,Yes,Electronic check,69.1,1474.75,Yes,0.7190226992483031,High Risk,1480.6142500000008,High Value - High Risk
0378-NHQXU,Female,0,Yes,Yes,17,Yes,Yes,Fiber optic,No,No,Yes,No,Yes,No,Month-to-month,No,Electronic check,88.25,1460.65,Yes,0.7136433179427552,High Risk,1470.7112499999996,High Value - High Risk
7969-AULMZ,Female,0,No,No,21,Yes,Yes,Fiber optic,No,No,No,No,Yes,Yes,Month-to-month,Yes,Electronic check,97.35,2119.5,Yes,0.8110548012551985,High Risk,2003.8244999999963,High Value - High Risk
9912-GVSEQ,Female,1,Yes,No,26,Yes,Yes,Fiber optic,No,Yes,Yes,No,No,Yes,Month-to-month,Yes,Electronic check,93.85,2381.55,Yes,0.7627492308165642,High Risk,2412.380749999993,High Value - High Risk
3640-PHQXK,Female,0,No,No,31,Yes,Yes,Fiber optic,No,No,Yes,No,No,Yes,Month-to-month,Yes,Electronic check,89.9,2806.9,Yes,0.7324868243105579,High Risk,2812.917850000008,High Value - High Risk
6877-LGWXO,Male,1,Yes,No,18,Yes,No,Fiber optic,No,No,No,No,No,Yes,Month-to-month,No,Electronic check,78.55,1422.65,Yes,0.7241239357595242,High Risk,1452.3850833333338,High Value - High Risk
8063-RJYNF,Male,0,No,No,16,Yes,No,Fiber optic,Yes,No,No,No,Yes,Yes,Month-to-month,Yes,Electronic check,94.25,1483.25,Yes,0.7442399231970682,High Risk,1490.6992500000013,High Value - High Risk
6595-YGXIT,Male,1,No,No,25,Yes,Yes,Fiber optic,No,Yes,No,No,Yes,No,Month-to-month,Yes,Electronic check,88.95,2291.2,Yes,0.7673962139743123,High Risk,2218.124250000006,High Value - High Risk
9253-QXKBE,Male,1,Yes,No,29,Yes,Yes,Fiber optic,No,No,No,No,Yes,Yes,Month-to-month,Yes,Electronic check,94.45,2653.65,Yes,0.8067603533158217,High Risk,2654.047000000008,High Value - High Risk
3565-UNOCC,Female,1,Yes,No,29,Yes,Yes,Fiber optic,No,No,Yes,No,Yes,Yes,Month-to-month,Yes,Bank transfer (automatic),99.05,2952.85,Yes,0.7486946872642052,High Risk,2906.865749999992,High Value - High Risk
9190-MFJLN,Male,1,No,No,19,Yes,No,Fiber optic,No,No,Yes,No,Yes,Yes,Month-to-month,Yes,Credit card (automatic),95.9,1777.9,Yes,0.7441950086445168,High Risk,1780.8110000000008,High Value - High Risk
4009-ALQFH,Female,0,No,No,25,Yes,No,Fiber optic,No,Yes,Yes,No,Yes,Yes,Month-to-month,Yes,Electronic check,99.5,2369.05,Yes,0.733887141624628,High Risk,2416.9769999999958,High Value - High Risk
2985-FMWYF,Female,0,No,No,23,Yes,Yes,Fiber optic,No,No,No,No,Yes,Yes,Month-to-month,Yes,Electronic check,93.5,2341.55,No,0.7413232970882865,High Risk,2192.1304999999948,High Value - High Risk
3223-WZWJM,Male,0,No,No,26,Yes,Yes,Fiber optic,No,No,No,No,No,Yes,Month-to-month,Yes,Electronic check,83.95,2254.2,Yes,0.7888886182620365,High Risk,2219.064000000003,High Value - High Risk
8634-MPHTR,Male,1,Yes,No,47,Yes,Yes,Fiber optic,No,No,Yes,No,Yes,Yes,Month-to-month,Yes,Electronic check,100.05,4871.05,Yes,0.7244719877518659,High Risk,4805.728500000009,High Value - High Risk
1309-BXVOQ,Male,0,Yes,No,21,Yes,Yes,Fiber optic,No,No,Yes,Yes,Yes,Yes,Month-to-month,Yes,Electronic check,106.1,2249.95,Yes,0.7731313432165905,High Risk,2248.553250000006,High Value - High Risk
0818-OCPZO,Male,1,No,No,27,Yes,Yes,Fiber optic,No,Yes,No,No,No,No,Month-to-month,Yes,Electronic check,81.45,2122.05,Yes,0.7146297437101923,High Risk,2159.894249999993,High Value - High Risk
3990-QYKBE,Male,1,Yes,No,37,Yes,Yes,Fiber optic,No,No,No,No,Yes,Yes,Month-to-month,Yes,Electronic check,92.5,3473.4,Yes,0.7757739366376342,High Risk,3392.530937500001,High Value - High Risk
8784-CGILN,Female,0,No,No,18,Yes,Yes,Fiber optic,No,No,No,Yes,Yes,Yes,Month-to-month,Yes,Bank transfer (automatic),99.85,1776.95,Yes,0.7269646561344205,High Risk,1782.4757500000055,High Value - High Risk
2685-SREOM,Female,0,Yes,Yes,25,Yes,Yes,Fiber optic,No,No,Yes,No,No,Yes,Month-to-month,Yes,Electronic check,89.1,2368.4,Yes,0.7304745704779241,High Risk,2287.7750000000065,High Value - High Risk
7142-HVGBG,Male,1,Yes,No,43,Yes,Yes,Fiber optic,No,Yes,Yes,No,Yes,Yes,Month-to-month,Yes,Electronic check,103.0,4414.3,Yes,0.7278617608709492,High Risk,4425.596000000008,High Value - High Risk
0886-QGENL,Female,1,Yes,No,27,Yes,No,Fiber optic,Yes,No,Yes,No,Yes,Yes,Month-to-month,Yes,Electronic check,101.25,2754.45,Yes,0.7074099180903838,High Risk,2759.008750000004,High Value - High Risk
7703-ZEKEF,Male,0,No,No,23,Yes,Yes,Fiber optic,No,No,Yes,No,No,No,Month-to-month,Yes,Electronic check,81.0,1917.1,Yes,0.7299516178333598,High Risk,1885.8974999999973,High Value - High Risk
